merge_idx,repository,branch_name,merge_commit,parent_1,parent_2,notes
0,QuantumBadger/RedReader,refs/heads/master,439c45fd3b7fc421a77a1bd6a9cbdc8a1b0fbab4,5bb1cd03088999dbc724127195b5405980ad1bd8,188572d8f494380a722747e26297abea26c5d36a,
1,QuantumBadger/RedReader,refs/heads/master,3f0a168e90d994f38b1d26129ededcb7181f329a,324649cba39acfa232755af1d63e4e850f25bc0a,77ebe7c936e033a5d5cb827b396894cb4b33bb6c,a parent is the base
2,QuantumBadger/RedReader,refs/heads/master,324649cba39acfa232755af1d63e4e850f25bc0a,d7cb8a13b164d7ce9970f35b397d6ff771394e95,2ea0908b5e7e311ffeb55d8774e17f775858b65e,
3,QuantumBadger/RedReader,refs/heads/master,9aec7ac3304265725d43c9975bbcee77114b0dbe,f0c0b87d683848f219e760882de009143389253c,eaa9cde739646b6afb164bd4a44013092ef52a9b,a parent is the base
4,QuantumBadger/RedReader,refs/heads/master,f0c0b87d683848f219e760882de009143389253c,16fc3729c89e85b0768418d574599e05e3b57aa4,44cc242280a8ae6aae9ccc2cd418618556aef32d,a parent is the base
5,QuantumBadger/RedReader,refs/heads/master,27e590e6fd403c4f1f12f32f66dbe72b0fffac62,183acba24c258b182787f47c0da279ed34134989,54c1dcfb776428bf2f0424eee3f7c3755083d4b5,
6,QuantumBadger/RedReader,refs/heads/master,183acba24c258b182787f47c0da279ed34134989,42086edaa1f42f8c2666d03c2ba388b8606feb8c,b0c8b7718f7ea8deba6838a027c21430636ace64,a parent is the base
7,QuantumBadger/RedReader,refs/heads/master,42086edaa1f42f8c2666d03c2ba388b8606feb8c,b7fc3544f5f6c35aca80c828c04554e12c1e6642,a7b44754a835c17c6d5c8b77913fdc114cc4f797,
8,QuantumBadger/RedReader,refs/heads/master,9d86ed998252cafab7ee6ccd4aad08e436f13c23,6a5367221ec4ae6972ad733086e66b6867533171,adc73c0472475e02c9890379bee8551c73b4337e,a parent is the base
9,QuantumBadger/RedReader,refs/heads/master,6a5367221ec4ae6972ad733086e66b6867533171,e5040274ab9726476c46b4c3c625eba8ee00f03f,402847091901d7418b7ca311b85d60464a38e99b,a parent is the base
10,QuantumBadger/RedReader,refs/heads/master,e5040274ab9726476c46b4c3c625eba8ee00f03f,22ad722adfbf440a78334e93f1b12a151d2fc659,a35b977d3e86a0170be2bf44a0a4f109dd0f56c6,
11,QuantumBadger/RedReader,refs/heads/master,22ad722adfbf440a78334e93f1b12a151d2fc659,9e12a127666a837c39abc65604aff87b046d121a,3a30bb2a3a0a1c2d0a9aa471c81c89846946505d,a parent is the base
12,QuantumBadger/RedReader,refs/heads/master,fb050df67d1dc13b014c9ffae9591915f31eb898,15d84db6cddb72771980265f9af2460263b04c64,b8b33562e99c03d5ef88555593db188c1928e9e3,a parent is the base
13,QuantumBadger/RedReader,refs/heads/master,3ebe0993e4b45b016c6a64796903f86a73232b49,b7bac5e4a617363864fb85375e5029270b920823,cd2a09dc1130805f58f849be507f31d25aa3796c,a parent is the base
14,QuantumBadger/RedReader,refs/heads/master,28e27baa22587d66c0cf0ff2c0d72adc88c6e274,84d59cd39b9ebbe25dab22535c801050f8914ab1,ad62038391791eac3e2e260526457f7c48f441ee,a parent is the base
15,QuantumBadger/RedReader,refs/heads/master,f0619254a6e05e7b3c21133c67c6ba2cc872369f,cb65ea4ad29c4d2c823673b38412dbfd44ab992a,40a0157bd50ca982501297c2952cbe60a48fd1af,a parent is the base
16,QuantumBadger/RedReader,refs/heads/master,46cb0da1fe036d9143c2a6d83e9390217ff32e70,6962597302a4f28d934922d7b8c88ed8545c9f93,6928fad1f7c6e6c24eaf4a31c73372770b41b42b,a parent is the base
17,QuantumBadger/RedReader,refs/heads/master,6962597302a4f28d934922d7b8c88ed8545c9f93,58e6343963daebc2389b7b48e4b914a7cf8d1d44,7b41073097a2111a0d65f09cc030078b1a07f019,a parent is the base
18,QuantumBadger/RedReader,refs/heads/master,718c6df07f2d8ececef48738887ef90447ed5986,eaaac48730759c758698437a574f66d645069a5c,628319eb094108d0e39f904b6065e84d29b9c7fe,a parent is the base
19,QuantumBadger/RedReader,refs/heads/master,3e96a0e44a1ba435aac803bb51a93e0be6475cbf,d1536b82a411f2aa821a8f39c02a80bda07c2f1b,a5dcbf77ea836218a91781a8ce8e450a725d699c,
20,QuantumBadger/RedReader,refs/heads/master,d1536b82a411f2aa821a8f39c02a80bda07c2f1b,70e6c29652239641b1912bc3d5cb0c33108d1f69,d6ee741eeab382b66079dbcb98c2169f9b166c64,
21,QuantumBadger/RedReader,refs/heads/master,c113d69048f03ec24678960866aea1a25a54c814,92393f22d99773718b0f7afdbe60cc1261dd4e38,eebee6956561caeed56df60b1e91de71d08c7cd3,
22,QuantumBadger/RedReader,refs/heads/master,50b954a5bf6edc713333faf4cee5f73b2a527c6d,a1f3e452607b14fccaeb724a4d577edab4d24a8b,8f9910cecb7665d5536e0e5406cf62b9696eaf91,a parent is the base
23,QuantumBadger/RedReader,refs/heads/master,430fb1d530c389b0870264b540c692ac02d2bf5b,3af6ef3fd2a4a98b6e6cd5aa1cec496824619ff9,f2068ab959e7355c56c7721877cf92e561574eee,
24,QuantumBadger/RedReader,refs/heads/master,cf0757e1edcc6e76e70c52493e9ef41888a66f7e,ac35b8e032add21315438256c2d9a15aebc62c76,fea7e574dfc534c304560d5c6bfa88877f084c72,a parent is the base
25,QuantumBadger/RedReader,refs/heads/master,cfe556e9025e9106aa880367da43180a2daad4ce,53c6fe306f960026488464c9301790b4bc974766,e933901f1ce1892a778662ce5947e540bf6980d9,a parent is the base
26,QuantumBadger/RedReader,refs/heads/master,0d76f35ad81cf2747e1fa9f64e364d74fb6071ac,d5f068d80a05dc9526a429bf99bce981cb63d949,8f40c9916c043fe3554df1c8c777decc01106c4f,a parent is the base
27,QuantumBadger/RedReader,refs/heads/master,b46dc542136d870f438529640e96a19b47bd2200,3694120b525c3cbe99c4cd714da93a80a021d5be,c2ab062c23dc1446cd9e0944b28dc02564597565,
28,QuantumBadger/RedReader,refs/heads/master,e14c7671313ecc8d686aab235fc025afdd8c93a9,0808fcc95c882990f2d3f02b048184954dc208f6,c7cb8ef32507b89d2549ef8511d478cd341fef8d,a parent is the base
29,QuantumBadger/RedReader,refs/heads/master,82673fb08a8f10ccdd29ebeb6684f7ee2ac21cf6,b70f4f5bdbcad6799cc190a7bd8a2550e56fa3d8,c0d1166dc1ad3f4b5a944e965feef2104de99de9,a parent is the base
30,QuantumBadger/RedReader,refs/heads/master,b70f4f5bdbcad6799cc190a7bd8a2550e56fa3d8,d7036d72ff370f9e935c77a39bdc2b421b8af1ea,93ca30dcd047d5e53df04b29b072d44fe86f0b74,a parent is the base
31,QuantumBadger/RedReader,refs/heads/master,fb1e7f8c685da22c7a30bc54297e7acad1efd5cf,a20958ff653a25d50d27ea03ed94b477fd446df2,f981543837b0a7898fe7c0c6f9a534d8da55a97b,
32,QuantumBadger/RedReader,refs/heads/master,a20958ff653a25d50d27ea03ed94b477fd446df2,3216be2c9fe2fb6e518aeaf57e83d7c20dcbd5cb,7564d0ed480667b0417831a9ab22d42ef8fb7968,a parent is the base
33,QuantumBadger/RedReader,refs/heads/master,b3dd8b6f667bd2f6ef2829663cefc523ddf2380a,e2bc68e710fbd836dd4eb07173fae4bdb646fc3e,66ca365782f7e8bb629dc9c3af20e0ffbe4af244,
34,QuantumBadger/RedReader,refs/heads/master,3216be2c9fe2fb6e518aeaf57e83d7c20dcbd5cb,25c266cfdaf71c78e2e833c5717eb0c7add8b3e8,5052a48ec9d41f785cd67510e67acb6f135d790c,a parent is the base
35,QuantumBadger/RedReader,refs/heads/master,c7012109060fdae9809b26c1bd432eed2eda5cf9,9e47d41fad1a8355fa42e578e10e9903182c0279,c208a882bb1aef0131e35820a9b0ef2eae657beb,
36,QuantumBadger/RedReader,refs/heads/master,ab4fadf55e380d0d47be9da86d3ae50aced622b9,6769f3f589452cd94e0b9b6696b62fec947c4a5a,ee082fb4320b1bbba3c919ddb96355a0ddb8c3eb,
37,QuantumBadger/RedReader,refs/heads/master,f88ddc2ba27094832fb400703e2326f95fffa9f2,9ea31f76948797bddbb1d767c7dd7d7e1124c1f9,48c55ca0a6e18ca4148feff0880b6668ad0937f0,a parent is the base
38,QuantumBadger/RedReader,refs/heads/master,e40c4b544550c9d2a37cfe02b9f2518540aca8a9,600ab5ec012af9e2c1422f199f100d2504f19eda,52a7fd493f3dac649c697e8ae4fb53d4be80a24e,
39,QuantumBadger/RedReader,refs/heads/master,b16c908f82c428d9c03ed0e6ef5fe91a8bb31812,c95a899f905c5f6def2ef341302c2a0095599905,5f2ac94498b7bfc4019da9a689bac93f8d2d0ac9,a parent is the base
40,QuantumBadger/RedReader,refs/heads/master,77b327dab1a0ea4321b5957bf6a7877536499e17,20a519e17e49e6a17d540ea1bf799e710b82181b,cceb4926bd868b0f5d5eca484a60891ba6dc054e,
41,QuantumBadger/RedReader,refs/heads/master,20a519e17e49e6a17d540ea1bf799e710b82181b,a9bef97e740348b8bc96b7a670cb9f95d6817db2,4996ff54f600f3b029e8e94aa8c54acbf7a8e875,
42,QuantumBadger/RedReader,refs/heads/master,1816d55fa3c364d135d0dd27f224727aac88a9ba,913b429d13ddeb437be5a07e461791601c308947,b585e2aebab81f95a56ea67f1a19c5d6173c39a9,a parent is the base
43,QuantumBadger/RedReader,refs/heads/master,913b429d13ddeb437be5a07e461791601c308947,a96e2d782a7600e224e54059a34f88ea4715c2a3,d225081d6e3511eb036903f61e595fccc6993f3b,a parent is the base
44,QuantumBadger/RedReader,refs/heads/master,6b7f550a9752c297ee44a893c27e49a0de9d89ab,bb3d7a7765f314fe5f409048d670bb777d097518,b29301b5cddad34d71a937c9325757e649d749d6,
45,QuantumBadger/RedReader,refs/heads/master,a9296d973a2419912ece32d6791fe8f5979e8111,363d9c1355bf8a075831b5e53e39caed234556d5,df361fe0a5f33e5c81ac49d87bec5afd98421c77,a parent is the base
46,QuantumBadger/RedReader,refs/heads/master,93c27a8c4cc60c9e38bead956cf142cee79483bb,5bb01f9d608b9abd547df2951317e48fc3d73b33,ea50bb5e5fc1acf18136fde56642a573e11a01ac,a parent is the base
47,QuantumBadger/RedReader,refs/heads/master,d4400772727e381c4420212e1106dba6fbc01aa0,1e50305769fb6536ac0372e219230ce66c7b1151,7c058c0677939dc11fec3f428f8d02ead2db898e,a parent is the base
48,QuantumBadger/RedReader,refs/heads/master,1e50305769fb6536ac0372e219230ce66c7b1151,8ac3e6582c0683eb8976703db436300dbaf0a6a0,6175d1ea27533cbc06af5d0b68ad7d890dc682a7,
49,QuantumBadger/RedReader,refs/heads/master,277d5b3bf67bfdad79000234b572cb1ecbb8f2cf,fee7229d34ee08697769e5259b23a87b45eb585d,176b260f76c437606ac2ed8674ff96b94ead4ced,
50,QuantumBadger/RedReader,refs/heads/master,86e322773f69f41caaab7bc73a7acf01764c1921,1762e7dbc78e38b744b7d199b39878536fe65382,26538a5568e671b46d3f53aa7acdf7877496850d,a parent is the base
51,QuantumBadger/RedReader,refs/heads/master,1762e7dbc78e38b744b7d199b39878536fe65382,fd53844f1686b4119637b503ff601f106bd0e91f,4b9041d4d80197b6db18509ef3f24a9b9e71b66d,a parent is the base
52,QuantumBadger/RedReader,refs/heads/master,3dffe4ea46e09d347c71dea6900745d502824b30,83e7367ee7fc8e30eee7263a68021167c6ce90c1,c76489ae29ecbb99b0abaabbc7b777464f4eafd8,
53,QuantumBadger/RedReader,refs/heads/master,83e7367ee7fc8e30eee7263a68021167c6ce90c1,db9a4f75381b392a046547a2098d229684955193,108fef176f7793ffe5d413f30a2c6517335c7441,a parent is the base
54,QuantumBadger/RedReader,refs/heads/master,9247274b7ce8abd4dd57072f33e8535d675643e8,e84214389ca51373a8245bffaca271474bb4346d,d67eac103d142e6da3fe4ef8033482ec02c9c4bc,
55,QuantumBadger/RedReader,refs/heads/master,667f841e9617030815f4658307d0804ce8516edf,aa890195a2ed0ee4f3a1981913821aa3caef0ffe,b9f2db5490b296466e0e93137750609cc4e7082f,a parent is the base
56,QuantumBadger/RedReader,refs/heads/master,841d802484a3dcbd5321d05cc490fb2caa5c1ef6,78d119933366f7dbf7d088426d48054c5f2fbb1c,aa890195a2ed0ee4f3a1981913821aa3caef0ffe,a parent is the base
57,QuantumBadger/RedReader,refs/heads/master,412b426dac2c1e8f80f80dad6da0c37012a12b86,7ed016318e5f8db4dc1ad680f151854142c5efaa,77d4f21da78e5e704d5a35bce6a4f00cbc60ff1f,
58,QuantumBadger/RedReader,refs/heads/master,77d4f21da78e5e704d5a35bce6a4f00cbc60ff1f,34dc9b0f859d49817bf395b6847b667ec72d4417,86527abcfd7a32c5667ba981ee0187672697643d,
59,QuantumBadger/RedReader,refs/heads/master,ba0c3f2fdd6a2fd1538cb4a2f0f1f1436b1c8b6e,0f9fd6a075d1b045fd8fa235e84013765fa18f5e,794dd5f444db7f31dc670751940e7f7aa3732250,a parent is the base
60,QuantumBadger/RedReader,refs/heads/master,0f9fd6a075d1b045fd8fa235e84013765fa18f5e,1552258a6e4f7140bc0897046ca9831eae558610,8eb0be0c1ccbfa22834ad7cfb92a816b8bf42f6e,a parent is the base
61,QuantumBadger/RedReader,refs/heads/master,9dae2e75c159d4dfc75b284a6625050c5e24a479,cd19621129813d81b4955c1bd933af257578e923,468a431f2aa39e59b66f877fcfe390e8d4f493b2,a parent is the base
62,QuantumBadger/RedReader,refs/heads/master,3dda22eba7b5bea7cb68a1c8b96d715a9e3466fe,e66acbb6c0c3307e957c511ca872926521830e4d,3aa08b9233097bdf52378e848dcde0b4fb4520bb,a parent is the base
63,QuantumBadger/RedReader,refs/heads/master,417f3301515edc58267af16c8c547b16932bcba3,5bcacee23e6b024cc47e76ac05f9c8c9c6a6123e,b8442ec68b1f1c46c23e66ad07c9323168548275,a parent is the base
64,QuantumBadger/RedReader,refs/heads/master,4780a2309e5052dff3e7d8716d367567d9e698df,628da156b10b9c583d94d0d1c7650a6d9460565d,fb2cdbbd54c494fcac1a5811f4c346bfe0d2b2a7,a parent is the base
65,QuantumBadger/RedReader,refs/heads/master,c0f89abe00d4973fb47f7973c65d866fa317c095,d6a56dce385c0c638ec55f5a7d01b74a1b312752,ddd6b76324166637491c1d57d758b4a13ab8279e,
66,QuantumBadger/RedReader,refs/heads/master,46568202ed2a16cf758b7ef58585c55f621e364f,faf55daa12f329f16840641f81fd1f03041c178e,8275a771e017ba8aaf17aa4eec07ba6c94677847,
67,QuantumBadger/RedReader,refs/heads/master,1b24bc06e605c6a017c8c0b6ec76344ea88d9aa5,048edbc4bcc65f41f0d1dac1c862e321c13ae9fe,9f8c868d0f7e83dd736f272155180ab06022b851,
68,QuantumBadger/RedReader,refs/remotes/origin/pull/1048,cb7125bad123a087461b17fcd18d2243e259ad01,66e246b471649800d537f3fdb817fe5bac806a76,128f017df76e832a8ced7decd5690964687b3031,
69,QuantumBadger/RedReader,refs/remotes/origin/pull/1049,06d004d3ff63ca2127757535aafbd8aee558e3f8,d8d548e0b42aadedbec04edf69a928952946e17d,0d24825e333d447eaeb98a00b77c06f2e373fcd3,
70,QuantumBadger/RedReader,refs/remotes/origin/pull/105,825570378783299f5c211b3fc1b1182322f9e513,e653a0db52262ccc01a9a249ddd809bfa8da2992,bd3d75d627a5b72077f69b860df0c235094360c7,a parent is the base
71,QuantumBadger/RedReader,refs/remotes/origin/pull/105,6a34ed6ff786dd7be9ad24470329447c4ef46e57,363805e9533d94ec54e2781723d04cc5cf0fdfe3,3ece8f3ed9c426a0c71cd870237b4e2c6d2ad8e5,
72,QuantumBadger/RedReader,refs/remotes/origin/pull/105,363805e9533d94ec54e2781723d04cc5cf0fdfe3,498c1a639c2e95802395e32a6d9ac637d87df8ef,8db9c11505d844f8c529380bc41dcd4c8246618d,
73,QuantumBadger/RedReader,refs/remotes/origin/pull/105,498c1a639c2e95802395e32a6d9ac637d87df8ef,66c8ff15b8c25cf195f2807b308855a45c554576,e66acbb6c0c3307e957c511ca872926521830e4d,
74,QuantumBadger/RedReader,refs/remotes/origin/pull/107,0322d4e9c2665e2fb995ba658a4ec09996b8bb60,bd3d75d627a5b72077f69b860df0c235094360c7,0ca510fb28fb0ef12137787a92751be184325d7c,a parent is the base
75,QuantumBadger/RedReader,refs/remotes/origin/pull/1101,af0e264771dbaa3dc4c06bd79e13780af6df6927,048f8b581bb3a722cc98fe23d2a43b3f79f059c6,b24762b4ea0cb9eb07bec1fdb35df81b5f5be467,
76,QuantumBadger/RedReader,refs/remotes/origin/pull/112,89333a64ce493d2135185cc28249dc3a8a5e2be7,f42d3b71a7a6ba95f4165e16e4821d7e1f0f2433,f86a3887dee5066ab8af565a9d279410219ed2d2,
77,QuantumBadger/RedReader,refs/remotes/origin/pull/112,f42d3b71a7a6ba95f4165e16e4821d7e1f0f2433,0322d4e9c2665e2fb995ba658a4ec09996b8bb60,1310873d719231502c6cbf7c8b25e410705b3bd5,a parent is the base
78,QuantumBadger/RedReader,refs/remotes/origin/pull/1145,4f0e75c51a0f943ef7316b957aae90341c08d385,0b193f50fed2111c1248dec6dec571a3580b2513,678c29c6c88695911f5dbba4e9432dd91ea3d8c7,
79,QuantumBadger/RedReader,refs/remotes/origin/pull/1145,0b193f50fed2111c1248dec6dec571a3580b2513,c314a0ec05e78da1e409f8174f8cdc27b9d4095b,9f932696bebba618e3a099c8e2dada9498817182,
80,QuantumBadger/RedReader,refs/remotes/origin/pull/1145,678c29c6c88695911f5dbba4e9432dd91ea3d8c7,c314a0ec05e78da1e409f8174f8cdc27b9d4095b,a6d7e611342d1321c3dde1f29330e12dcb0c2a1a,
81,QuantumBadger/RedReader,refs/remotes/origin/pull/123,1725deb2595f5289e861382300d8313c80be8512,70010f43928ec36a216fd1ea622858dbcbafe2a2,63f330f63a2334deae68003c6abea83ddce96982,
82,QuantumBadger/RedReader,refs/remotes/origin/pull/141,77ca1f632a27f800fa6f48f98465d812ee393ed4,8d285c3f2e7635cc03ea0dbb9521ed9d45b7f21c,38705c1798b380be15714c458f75fffdfe9ebae9,
83,QuantumBadger/RedReader,refs/remotes/origin/pull/186,ec1afdccf8ac40272511dcae8d643448ce655fb3,36f52a9d88fa452643652857d9c2e54e4965ed84,d977687e4f7fd25d345f27a4dd64c281b2a2e7a3,
84,QuantumBadger/RedReader,refs/remotes/origin/pull/186,36f52a9d88fa452643652857d9c2e54e4965ed84,9683182016699b29a14632c078f373d647553be6,a31a53fdf78b2fb0462261f130ac0d1db4c272f8,
85,QuantumBadger/RedReader,refs/remotes/origin/pull/187,c67bec550034a5de3b7592df8384e33bc2a49138,ec1afdccf8ac40272511dcae8d643448ce655fb3,1098085cf22064e34a20710eb0bf2495bfc9d685,
86,QuantumBadger/RedReader,refs/remotes/origin/pull/190,2982469bbe626934c985648c97e2e653a5f9188d,9f0a23912411181c03bf39630cbcede74832cf45,fd6b3d1b57a4a7d6e86802764045ab82c902a474,
87,QuantumBadger/RedReader,refs/remotes/origin/pull/190,7ad08f6f0a3a959c3e862562cfb9bcab44ca4d82,855f0bf59a17656f9d48d6cb3ae7363d72653c06,3d758555c9553b3505c0845d285aa2f51b8926fc,
88,QuantumBadger/RedReader,refs/remotes/origin/pull/190,ab0e27f7896221bc8cc4b2008e713fa1f86db985,132d98555b80fa218498df4ab88beff390693e98,a4eda6ad86d9894368c329e2717e2da619ab44eb,
89,QuantumBadger/RedReader,refs/remotes/origin/pull/309,80ce5809e6c76945126b3550e01eb1610189fdac,ce2b2f8843f42f1db35e3d1c27fc0183dda569fc,ed6bcc11c48f21acdcd94e8c7429698ef20f285f,
90,QuantumBadger/RedReader,refs/remotes/origin/pull/367,1ef981977d4519878c6f540912bb5c70553262dc,b28091985a7a5ca81b33ce4fe8951991d5965ea8,03547999a0fd3ac7290754ca30be3b27e3d334e1,
91,QuantumBadger/RedReader,refs/remotes/origin/pull/367,2ec6dea25b74d887c028e434043d3811bd1c394d,125c570100f3ad32d975ec882a2ed8763af7a030,165ff7a1a0720b7a726d15e17751bbe7278b3e51,
92,QuantumBadger/RedReader,refs/remotes/origin/pull/419,aa4b09649d8cc9f441762fed358953e6588dc997,782a312d8f4d2dce86e58a08bc7a1b9f754d37b5,829ee1046fececd8f8085a67c63ce43cc7e9088c,
93,QuantumBadger/RedReader,refs/remotes/origin/pull/448,c2a6e98d3053fd1784fe9fd60a8015359747c963,17a65b42effe520425a25ba80d9284a5472409f9,7e5a9f43675c9eca6c968406825f2bfd656395e6,
94,QuantumBadger/RedReader,refs/remotes/origin/pull/449,9b79e62eb8bf252606a20dc6f5b41bb95b942bac,1fbce880b4dd6392dec256748438cd332c4af60e,9b672f4408cbec6bd1bb5f2c16fb95e014998fed,
95,QuantumBadger/RedReader,refs/remotes/origin/pull/458,da18eecc09fc3c8b967a9fb197ce293bf6500fdf,bdbda955f0d6a07f789a862d5a1f7c1210988b4c,a5e25ebe110c2e943857a2b001f014ca293797c4,
96,QuantumBadger/RedReader,refs/remotes/origin/pull/478,c0ecd6d739bf6c742bc4089d1c2dff7b8744b00b,8ff8e7e3995f6e46ebce3cab814ce4bc6c07fbb4,4f551ceab239299b7480ddd2b5ca0151a5335f88,
97,QuantumBadger/RedReader,refs/remotes/origin/pull/497,bd0c8504c4a7ddbef0ab3a65ad8f421e4429d52b,6c0b04cc83311277802b5c86967c003a43d118d5,4864c41a18950beb829f65968bc4b20a411eb317,
98,QuantumBadger/RedReader,refs/remotes/origin/pull/542,2d9d0e788872ad5ab9c8b816f0996c5e69d62b9c,0999c25576deffde8d9678e0ce61b79dd7fc1019,a714d2a2d3c2ad0f514f83ca7171a0e6b1fdc46e,
99,QuantumBadger/RedReader,refs/remotes/origin/pull/578,207df85832697f35e895c58af36db111bb65f1ec,19670bbb60038a0da35a8d2f40d90d1fc9784fec,b51a432e612c73bf0200538031bbc0861781e616,
100,QuantumBadger/RedReader,refs/remotes/origin/pull/593,9bb63abaff7e56acb0a17b04cf7f11d88090be1d,24e02b9032adfa630d1a8d6cf073d5d3d23ab43b,c0b0c25e61947980db82cd106613025d123f8dc5,
101,QuantumBadger/RedReader,refs/remotes/origin/pull/649,3ba4d22c5ab4a7c61e74550d74ee988f06bd339e,8f60afebf76762c34e4cb9fad2d6fdea5e5788b7,10789832285b58670cf6aa777e5b93be4cb95c57,
102,QuantumBadger/RedReader,refs/remotes/origin/pull/682,c9a0fd8e7f34a850555f8e53ddc0f88c81a6b844,c83bee146da6857a146d75059e43754b49d3f57c,29434fd14f24dc4c1a4abc154bca6462b4ba048b,
103,QuantumBadger/RedReader,refs/remotes/origin/pull/702,4341e3207ffb60a13b281faf4aafb68c0a1be138,8f0208be8ae3736cfb42814a150934233a024803,30eb098fe9cc7ae54d2a6b277c3e920b9756beb1,
104,QuantumBadger/RedReader,refs/remotes/origin/pull/75,e3f44ff87c093f5a2a81c28462d4c1722df1e05b,da13673aa886c980abd79921974f97ea06382bf9,cd19621129813d81b4955c1bd933af257578e923,
105,QuantumBadger/RedReader,refs/remotes/origin/pull/75,5c5a130e50a2682c6ebb810d8a99c5c7d405587c,2ba86c622fb6fa56828640f58f92064cb5702792,1567e6893f15461179b8106a14d8b5f828632407,a parent is the base
106,QuantumBadger/RedReader,refs/remotes/origin/pull/761,7bbf06d15ce96deee8d9ab3e361ee8d78dbcdefc,4ebf1ba83abd87ab3613bf409656d376de643f1f,5d22256f050d545e97de624f1f50e6df282ae682,
107,QuantumBadger/RedReader,refs/remotes/origin/pull/761,cf91ed40f3572804fe286836dcb604d2fdcd4d78,1aadb7165813f1564b29bb59e42a6253e85c5935,0bcacb2c1bcec0098cb26a8078bede297118aef0,
108,QuantumBadger/RedReader,refs/remotes/origin/pull/761,0bcacb2c1bcec0098cb26a8078bede297118aef0,d990fed1b917ce88997118b67a9ec3682d29c78a,ce5122f1779a58f3acc33645022a2629f01cfd86,
109,QuantumBadger/RedReader,refs/remotes/origin/pull/761,077775240cc55ea9d1096a222ef34e42030a7643,ce68df9fecfae7f3de79d522c7cc42fa701ebd0e,a70874f23ef553676cf5ab0bd745b63da736ed5f,
110,QuantumBadger/RedReader,refs/remotes/origin/pull/766,a4b0601f036b8c301f56f744b44f40c9aef3a5a8,6b791954a4a2e9e323698086f7f2448c83c09f00,590f8da433df73a99bafc6bc3e448a15b23273cc,
111,QuantumBadger/RedReader,refs/remotes/origin/pull/766,dd92fdc10a524faf3e0389d4327ddb23a250bb5e,6e6b58ad1c3ae271fb2c989d2672fc1d9f6bbc5b,14007f10252fd96073d1ac956d9e7208d2ad6a4c,
112,QuantumBadger/RedReader,refs/remotes/origin/pull/777,32cf8994f2bb593cb3bf55d74a499d63e3b0fdf1,80d66f81eae18a6c98510cf74699c6b89ade65f4,51528286b75af1c3691bf7d759280d04480ad478,
113,QuantumBadger/RedReader,refs/remotes/origin/pull/778,afb6e10e5aea892eb3f52b411912b88d221412d3,544dc44fd60cf9e7e804b989544af5c1cd5b0f12,6844c38cdce10241402891eb6b07c8b685352ea3,
114,QuantumBadger/RedReader,refs/remotes/origin/pull/798,29d4fe31c43b23de3035aabddd3be34901b0fc43,16fda7778af547b41c83cee2f00d59a442812026,bad55f7218eb2626e97e2d8a2f5da775adfcef3e,
115,QuantumBadger/RedReader,refs/remotes/origin/pull/800,9df346f07bdc8397e5bd7769b08af3052601fd5a,d1b66fbd290847aa3c7f5cf0e3edf76af079d3d0,a9ec99cab1851e4c977f4e32fc794f28e99d62f2,
116,QuantumBadger/RedReader,refs/remotes/origin/pull/800,a7327fe6588ecba8fa4c501ac6bc2f893dd820e4,a1711698291b7c34c61baa63e8230df80e18faff,bad55f7218eb2626e97e2d8a2f5da775adfcef3e,
117,QuantumBadger/RedReader,refs/remotes/origin/pull/804,8e4f885089fb236ae1d2e59f9b855fad6bed92d3,5ff0188e36291f7de8ac6af82d672175eeee77f5,a9ec99cab1851e4c977f4e32fc794f28e99d62f2,
118,QuantumBadger/RedReader,refs/remotes/origin/pull/809,9692748f2205c91df22b6fa24c05ef5ce7b5ccd2,7b2cb6ddcc2f2b1a61a779159d54525ee16aea1f,6bacd52463d69297ef5839479df465df3f3eb1f4,
119,QuantumBadger/RedReader,refs/remotes/origin/pull/816,ad9babd81993a3983da5ea35fd7ce69f07723e44,c7dceab35885f984d00fa08a40c59e07f63c73af,2a9883277bef17f4d67dd5c6b6b429c7456146ff,
120,QuantumBadger/RedReader,refs/remotes/origin/pull/845,5a036987b623ab433932b1e272a1eb26306634e6,5fafc3840fc7cfb186b0a33b29e6fbcb2cc600d7,59ca503261d1451b21f57ce159745b0fc4439afd,
121,QuantumBadger/RedReader,refs/remotes/origin/pull/888,357da547fcc08dd78bdde8c47bbedf275bd16a46,ff3c1ff08c6a32714127d56ce3f47e4be7c107ae,26363f51364b62fabc9154ff75ce5fd04c4c1805,
122,QuantumBadger/RedReader,refs/remotes/origin/pull/888,ff3c1ff08c6a32714127d56ce3f47e4be7c107ae,40c79f86b4f104b6d7e658236c56b4ef6a757174,d103c5bc1a78c6675df1691fdf7e1d42a0ae67bc,a parent is the base
123,QuantumBadger/RedReader,refs/remotes/origin/pull/888,40c79f86b4f104b6d7e658236c56b4ef6a757174,fa740b52c6ef3a79dd6a0131dde66a76d539c94a,263b76468d30467a9f1639a1d8f956fbed788b02,a parent is the base
124,QuantumBadger/RedReader,refs/remotes/origin/pull/888,3b95143417d02237203a8cf49740547067756ee8,ed3f1d0f4bb48db12bbc23f6bdc744e779e5e0a8,0833ef33f10847d1f5578d0ef2cdda3181d01bc6,
125,QuantumBadger/RedReader,refs/remotes/origin/pull/888,1e8dffe270b46b0df424684a7150cf4868b75d73,a37a4b5fc494d4de67e4fe1c265006cdb94ef97f,d4136457b48e9abac437244c3c0672bb69aabf18,a parent is the base
126,QuantumBadger/RedReader,refs/remotes/origin/pull/888,a37a4b5fc494d4de67e4fe1c265006cdb94ef97f,cd11c0f4afe4cf589c64514982a111d8f1cfc721,bf5ff8ca47cfa81b0166fb4be3fc063c6c65e9bd,a parent is the base
127,QuantumBadger/RedReader,refs/remotes/origin/pull/888,cd11c0f4afe4cf589c64514982a111d8f1cfc721,388de93a1547e7eea6bef9f7b705d2b2af2fc05b,6af05682c83510dcdfc5d3ebc146ab7019e2169a,a parent is the base
128,QuantumBadger/RedReader,refs/remotes/origin/pull/888,705db882fc71d6a570bc46eb94ee05eab8d3129f,5d246b6eb77093c6b59110948a704963fd373d34,388de93a1547e7eea6bef9f7b705d2b2af2fc05b,a parent is the base
129,QuantumBadger/RedReader,refs/remotes/origin/pull/888,388de93a1547e7eea6bef9f7b705d2b2af2fc05b,1895ab5e8554408a3b9617bcfdad30bd3086c724,5d246b6eb77093c6b59110948a704963fd373d34,
130,QuantumBadger/RedReader,refs/remotes/origin/pull/888,1895ab5e8554408a3b9617bcfdad30bd3086c724,8928e70917548dcacc16e57ffec155d925916bce,b5211df047cd06a0be0094ce44c3189674cd1495,a parent is the base
131,QuantumBadger/RedReader,refs/remotes/origin/pull/890,f128c18bcc66d2791653fd167339ef8e3f67afd1,a2b201d283c5fb79884f9c33079a2c51e70fced9,aa83b9e1d1ad6feefb35f171f9fb1d69b959b986,
132,QuantumBadger/RedReader,refs/remotes/origin/pull/893,734dda505f13e55be7dc2e36c764ad4f8135e10c,7de37c9fdf15542fc7ac05fa456380c75ef5cb70,4db4b6b74cc02211ad564f63f71344d39ecb08c1,
133,QuantumBadger/RedReader,refs/remotes/origin/pull/901,57c21d912fb38bced8206edda960f5667631a94e,75af0e12a22925c84c0c01d5a007ec5340c4f67f,e6967cb139b3d5d8ca5e7a2c94a4f1ec80a002a4,
134,QuantumBadger/RedReader,refs/remotes/origin/pull/902,9b70eea17e219ccea3c984492dfd0b990140e680,10e56748638027dff226c9897f2c58669d89dd52,c7b174912cc898bb4126d8e3da1ec08654cee910,
135,QuantumBadger/RedReader,refs/remotes/origin/pull/955,253a8293d13cfccb9e04a51953207718e048cc25,706431df7b73cfd9326a10353b3134ad9865c5a2,128b416420474e79b9a5501f722afe38818bfde2,
136,QuantumBadger/RedReader,refs/remotes/origin/pull/961,3cb5e046650a21d85c1f162efc2ece934a090711,ae8857bb0e3453cf941f6c0632efbc56ff78a4ff,47bbd1476ae669b5e2a33aee087c771e0478d8a6,a parent is the base
137,QuantumBadger/RedReader,refs/remotes/origin/pull/961,47bbd1476ae669b5e2a33aee087c771e0478d8a6,2dfaa0bfbbe3fc90145a3d0b9d46551c9d4a721f,ae8857bb0e3453cf941f6c0632efbc56ff78a4ff,
138,QuantumBadger/RedReader,refs/remotes/origin/pull/961,ae8857bb0e3453cf941f6c0632efbc56ff78a4ff,34ef5ef78901467a8815ec04808d0aaccaebd220,2e5408d9b5a5dbb2803b405c86f475029f7f7933,
139,QuantumBadger/RedReader,refs/remotes/origin/pull/961,34ef5ef78901467a8815ec04808d0aaccaebd220,1a9012a72caaef596de5ffc2febf596971c3e5d2,16b0d1577b52bd1327db260877a941f6f16712bb,a parent is the base
140,QuantumBadger/RedReader,refs/remotes/origin/pull/961,1a9012a72caaef596de5ffc2febf596971c3e5d2,88807db68a0b9115b687959c6636024326125f06,57485fd2179c32b225967bb07700aa3c20c7bf48,
141,QuantumBadger/RedReader,refs/remotes/origin/pull/961,88807db68a0b9115b687959c6636024326125f06,660a386bd254fa0fc929787e3db9a66b4b60e44d,9c53ebdd7cf911abefbcfd55a5eb2da8cba22d0b,
142,QuantumBadger/RedReader,refs/remotes/origin/pull/961,660a386bd254fa0fc929787e3db9a66b4b60e44d,9e39a6b309e2c9fa975aa51179e6f0526f076bdf,6f9498d7b0fa1a8a1443bcb6ac29eabb0da0da6b,
143,QuantumBadger/RedReader,refs/remotes/origin/pull/961,9e39a6b309e2c9fa975aa51179e6f0526f076bdf,0fa32a5972bc51ab2b40131a461ad6f5d7c76616,32e0ab2de1c07bd0c3b20a3329f13632c2a21fde,
144,QuantumBadger/RedReader,refs/remotes/origin/pull/961,0fa32a5972bc51ab2b40131a461ad6f5d7c76616,80c08766405b9752c5d31ef64d37db8212213b0e,e0afe5b3eb2be6894e36659bf69c425d09720ea0,
145,QuantumBadger/RedReader,refs/remotes/origin/pull/961,80c08766405b9752c5d31ef64d37db8212213b0e,6b48b8867563c02af8068fcff202842a1359cd41,411af8bf9ae2f36d1c4f58659cd8bdf193215f33,
146,QuantumBadger/RedReader,refs/remotes/origin/pull/961,6b48b8867563c02af8068fcff202842a1359cd41,1f1aa75017cc45ec58f51ad99f14f791f1957c78,513936292ccd4a0e5872c239a25ad72f35eaf777,
147,QuantumBadger/RedReader,refs/remotes/origin/pull/961,1f1aa75017cc45ec58f51ad99f14f791f1957c78,a0b990ad3f2d69d191b218f3d80381ccbf581c85,a59e69c025f8bbd4ca920c71fbdd5fbaabe26d39,
148,QuantumBadger/RedReader,refs/remotes/origin/pull/961,a0b990ad3f2d69d191b218f3d80381ccbf581c85,45620f9a9c0af0288eb533e34c3df05ca831d945,3cba40fba59f0e8e3466f6bf69ad847da2151f44,
149,QuantumBadger/RedReader,refs/remotes/origin/pull/961,45620f9a9c0af0288eb533e34c3df05ca831d945,c0972b45f21014458074bdbf56d1dc3e6673b3dc,87b3c07833822fa4c01c246887bcdf5ea7a5c0fd,a parent is the base
150,QuantumBadger/RedReader,refs/remotes/origin/pull/961,eba84bf96ba1ce06767b65b7efb643d85b83f0f5,42623f3c77e958d5a6dbd555e375f4c94095bf06,e3bc334bae854fa5b5e17aec3cd3fbff93f595bd,
151,QuantumBadger/RedReader,refs/remotes/origin/pull/961,42623f3c77e958d5a6dbd555e375f4c94095bf06,619fe06443832e2270fc63c5b97a56d92bd9529c,36efcb14d9c830a5fc093b16a25bbebd2209f584,a parent is the base
152,QuantumBadger/RedReader,refs/remotes/origin/pull/961,619fe06443832e2270fc63c5b97a56d92bd9529c,ff3c1ff08c6a32714127d56ce3f47e4be7c107ae,ca636f2f2cbe5ed3c54151bc10811113ab5eb7c4,a parent is the base
153,QuantumBadger/RedReader,refs/remotes/origin/pull/97,15997cd9e32c5bd35c66769fbee9e6b133d71ba4,d645c0aff40bf4d7f85291d1ca892768a86149c8,0f8e5fb8ae87332bfe4fb315a1319f4590e76329,
