,repository,branch_name,merge_commit,parent_1,parent_2,notes
0,benedikt-schesch/git-hires-merge-example,refs/heads/main,4ae40d33c3b959e3a15e458eb9b0676251e36a41,48199306f02a82abdeff0c01fab1ce112126d727,488122ce6c91e157d1f49b88b79feaa083fdee5b,
1,benedikt-schesch/git-hires-merge-example,refs/remotes/origin/import_1,0209c47c118fcaf978f6ebc5bad8a334b541de0b,b4331092d8c5d1b03e6a9807ab135ed263b52663,8204af9984280ccc7f7793f903fc0807b626bf9c,
2,mangstadt/ez-vcard,refs/heads/master,8f26d88838bfe671cef10e6a832c0c6a57b42fcd,814aae2b1a8ba6e42074d282b2ff9d1af632aef3,f308a61574b9182d151aa9d0cf5fbe5818a48fb8,
3,mangstadt/ez-vcard,refs/heads/master,0637f5fc19cf6ad79cd2c58981facc3678d5bbff,b8b0b0c8e1dff237975942022a42c6c25b9d9741,3c10bf587f097be3e2a77b0d2d556e6f9efd97b1,
4,mangstadt/ez-vcard,refs/heads/master,633e9c677f26c1cae476d9ce43331cc30bd8f9e8,af63ebf1a441d0165bab7f6250caf0e2793b9829,22631a4817aa29b231919cb5d8c05d935386b763,a parent is the base
5,mangstadt/ez-vcard,refs/heads/master,a927decebd50d02bff3f8c56ade565b98d0ecd4c,2380144cf35bc2c211874ac53db2d846fccffb97,6621980643544df2261bd874717839dd24b28324,
6,mangstadt/ez-vcard,refs/heads/master,d6a31c5fece9a634b7829df08bd0afa0ef06b69a,4639361f062ee6455b88e31996743e300240e71e,4e959f00b9e3a80ea99486834b0ab164be663fdc,a parent is the base
7,mangstadt/ez-vcard,refs/heads/master,8b26b8c56130e60347f8f20c17c3eca14b601cc1,e454bdf3e3b7d02bb95ff8a58952e70cb97dd0f9,522254f7ceb5e390cbb0904d698cb6294e081ce2,a parent is the base
8,mangstadt/ez-vcard,refs/heads/master,63ab6b841a7aa31372315a902b98fc5b2cc3b661,ea6026ee62cc184db68d841d50d58474fcdf4862,ab2032ca9769d452d4906f51cf56ca7d983a27c4,
9,mangstadt/ez-vcard,refs/heads/master,5e11fc8e2c1f5763ff6e6b37d3e750e369af7c94,b42390b2d6279bf7c23580f0f4ac517cba448cd5,dee07e7edfb332efd5d5207660248f71e96a1a0e,
10,mangstadt/ez-vcard,refs/heads/master,bce54f56a1da7332cabdec21b26e82cd899ce82b,16b6d6cd734326e55af96146ac89594c8ed1b233,ce422afbecd67144c1e8caceaa151f80d4f8a0cc,
11,mangstadt/ez-vcard,refs/heads/master,f238de6e66d3e5d03715aa88dccc660d0ab89318,03bd6bf2c9873b23344b31ca7c39524ad9ee5756,c824e9fabecc54d431d4c860b95a2ad13794556c,a parent is the base
12,mangstadt/ez-vcard,refs/heads/master,a2a632bba203ee71191e71e11058726f2f030b00,345934e15e82c9cbffb5b297aab51ad105b9ad82,541f59d09b5232b68cda87ee2abba7c62d33ee32,
13,mangstadt/ez-vcard,refs/remotes/origin/pull/154,11a25a9d858d25f9aa3362a1e2c245b4fcf0a74d,87035e7a8f5a595c0179023bb425976c72369e62,ba3986b347331da5f3b0167b62e934991a534af0,
14,mangstadt/ez-vcard,refs/remotes/origin/pull/49,72e37df9ec88656844758c7303e8e1f9234295c3,24476c206b8df9f5458e2ec57fa16d3ebe23f898,64164540fa269cd1ed14f04236a88b8a3ac22dcb,
15,mangstadt/ez-vcard,refs/remotes/origin/pull/49,073c34351663673f4b53142bacf75033706e067f,64847e218c67593c77b0ebdefc93b5e7b4c82406,e80bea970d0b1a4ee340641f01b30b09f816eaa2,
16,pedrovgs/Algorithms,refs/heads/master,44ce61beeb8bb5c5c1289db02f1da53f6bff6d8a,e121b3943958ba1558d8828db6f13c632e99f298,58129e828567fac52e821ca147feeab87a95d780,a parent is the base
17,pedrovgs/Algorithms,refs/heads/master,e866ae7916d6b763f7d32f72f54edd735b5ea6bc,ae5dac889d19edd6c773e60420f00d4e7177f31f,4342b16e18da9082b32d5b8e9b5b6e3378461ce4,
18,pedrovgs/Algorithms,refs/heads/master,ae5dac889d19edd6c773e60420f00d4e7177f31f,38ec459e6f163991c6f88210720dcda4fecc64e8,eb3260404e596031bc9ee037b29bd1fcbb87f625,a parent is the base
19,pedrovgs/Algorithms,refs/heads/master,38ec459e6f163991c6f88210720dcda4fecc64e8,60d87e9a120e330eb34c9d558d0f00e52b5ce438,aa882141f26ef82107658c214ec18a799403bb57,a parent is the base
20,pedrovgs/Algorithms,refs/heads/master,d7e0b1c03fa7cacf40b32dcfde30871e8947445a,2c4e69eb243a81ba05d24456b3cad7e8a696f630,8a1a1a7fb53732edaf17ef9876545c4bca568e05,
21,pedrovgs/Algorithms,refs/heads/master,60d87e9a120e330eb34c9d558d0f00e52b5ce438,bceffabe0d850ea9c67c93a9fb578d2ca8600022,9aa3611952f1715d8f5cf6404a3dad0e95bf175f,a parent is the base
22,pedrovgs/Algorithms,refs/heads/master,bceffabe0d850ea9c67c93a9fb578d2ca8600022,247b66cb2c7792336c5d1c2c1502a55d5222c823,67360ca7159643f3a9fc20f30e164b36a4e4f859,
23,pedrovgs/Algorithms,refs/heads/master,247b66cb2c7792336c5d1c2c1502a55d5222c823,c7c288a43e324748f1f25ee72f9639d808c70b7e,7f89b8c5fbe85848e96a0cdaffb83664588c8474,a parent is the base
24,pedrovgs/Algorithms,refs/heads/master,c7c288a43e324748f1f25ee72f9639d808c70b7e,ffa4a6ccd332fad6dc1c5a269b3854a5a2bfff91,296f6b09446b63e8b036e4840879c2d890ae925d,a parent is the base
25,pedrovgs/Algorithms,refs/heads/master,216529baa98d8646b192b1c6897b01d3181f2ac6,ffa4a6ccd332fad6dc1c5a269b3854a5a2bfff91,deaa316e2165940e50e4e00e83e18d27417fb642,a parent is the base
26,pedrovgs/Algorithms,refs/heads/master,ffa4a6ccd332fad6dc1c5a269b3854a5a2bfff91,128ccf0f25f401f2218c03166a6f4ebc5ce21385,03d7c1872d5b17434fd460f7b8a0b8c9c90849f7,a parent is the base
27,pedrovgs/Algorithms,refs/heads/master,128ccf0f25f401f2218c03166a6f4ebc5ce21385,1f8f61c50d4e36ab8677b271a58648e90a2f1b28,22ee3ce03f74349ed3b0f36bfdf1dc119e2be70b,a parent is the base
28,pedrovgs/Algorithms,refs/heads/master,c8604d6f6d23a0cd5d3f9fac472dbf467fe11b8e,7ebdadbc657a68da22826ce3cc402e3635e80d4c,fd87cbc2cdbe813564f0a2c7e8070964220cdcc6,a parent is the base
29,pedrovgs/Algorithms,refs/remotes/origin/pull/27,fdd92255570bf37534ba36f632773923d60e32d2,8edac208c376e88626e88a720c9166fef9588853,1a71e9f95183a089b2b72a0cb42337681594e699,
30,pedrovgs/Algorithms,refs/remotes/origin/pull/37,6b917cc6a33eb87fec2dcdafc845177f470ca374,8ef7da30196fba8e55947acf6168d8cd4a82f2b8,68f656ff10751259284d083e8fdf8e82f7ada15f,
31,pedrovgs/Algorithms,refs/remotes/origin/pull/37,8ef7da30196fba8e55947acf6168d8cd4a82f2b8,37e80741a853a6626a77aed38caa07f4e44d85b2,8b2e3b06185e4a111ae987db7fa01901974036cd,
32,pedrovgs/Algorithms,refs/remotes/origin/pull/37,680f2603dc41bb7c5843b0fa342e829210611d9d,1477ce25eaad76986f50aa5b740e2c023ff31de2,879fb60972e4e83fdb7b5337db66c8afbfb95ffc,
33,pedrovgs/Algorithms,refs/remotes/origin/pull/37,d1279d1b59ecba7f01de8b2c1995562f92b2e255,b636ef254a97ae830baa6d783121de7890818785,9497e2f66d7af3feedd3106faa6e8b0aa6118b41,
34,pedrovgs/Algorithms,refs/remotes/origin/pull/37,104eb9ed88cde145576ea1df50460915af488e74,6baa2ed219e18f9763bb2f2de74c5fb800d15899,99a155f67dfe68de440feb560a7e4c4ee5ae355c,
35,pedrovgs/Algorithms,refs/remotes/origin/pull/73,9c8740d0e38ba93f08bfb462d16cab448a0197f1,7ebdadbc657a68da22826ce3cc402e3635e80d4c,4e2214112de23d1319ce77736547fa8900384e7c,a parent is the base
36,tntim96/JSCover,refs/heads/master,e39e553da29ca3fcbb3d7eb06282eb58b78b85c7,a4292a9c149820e9101613291bff68fc240226d7,d90d5a006a58af005834ebfe553aae560f0fe2c7,a parent is the base
37,tntim96/JSCover,refs/heads/master,31361bbe2317967a9c47cfc4437e2ce706f79056,fe64f8c1071a356027e49247fd506edc23566c4d,ab9b573de54d1014b5d9822adc9d9e5cf43ba8c0,
38,tntim96/JSCover,refs/heads/master,fe64f8c1071a356027e49247fd506edc23566c4d,b9ead12fd4a28a9fd7074ad4e97128943b072828,f5cb9ece38b7bd9ae97d7a55490476b84a2336df,a parent is the base
39,tntim96/JSCover,refs/heads/master,d6f0d1998a8db93117ba9c261d3b35d03633dc59,0eca5983951641b5d0884e6ce8fd162185d0cf05,d686e46aa0582b7dbee1f0d8664d6cb4b56600ec,a parent is the base
40,tntim96/JSCover,refs/heads/master,f7a4cc17c3b97f600f5a982522100d2b0200a981,f3876ebe83363de9387bba9ec14d436e2d74d2b3,f59722bd1d3dcbf9fc183a49ee0e28ea3c42edf8,a parent is the base
41,tntim96/JSCover,refs/heads/master,526eaed4a82ee4ec9bb018e6d541c848d2bfdd0d,1adf11c82653576753af0502bfc1f63900d85780,e562b7ed71187c95e310f85e99d1325dbd49e331,a parent is the base
42,tntim96/JSCover,refs/heads/master,d780b34088c77fa4a5c7645b84d744f33ed0329f,428706a429ed1a3dca09588e989597fd9a9cb673,3a24d6bb388dfcf2696f71833f299e051e88cf1c,a parent is the base
43,tntim96/JSCover,refs/heads/master,5dc4fe25315e31fb1d6c3f58d802283634b6e37b,428706a429ed1a3dca09588e989597fd9a9cb673,26335cfc92a5aaa2df829c7ba52ac834ad1c4080,a parent is the base
44,tntim96/JSCover,refs/heads/master,9572ad5cfd2f4c20700e27f16c9e906e009d7137,c92c401a4335465b77e3bf95c47a3297fa633b5c,62d33c1ccc686ed687d04c8e874f0c36bbcfc43e,a parent is the base
45,tntim96/JSCover,refs/heads/master,9ed0dc2b5892b2b2a782435b0a5dd42f90737b97,4ba5c58dfb6bf266259b80ab2fe19057910b6dba,7d6f336981e2d3c0a3e81fc663b6e4590f8aab0b,a parent is the base
46,tntim96/JSCover,refs/heads/master,c5bb794c4ca20c492818cdc13d4c72ad57961835,d709ecd47d92508d22f60e288fbe49b36f4b5246,9539280c2e350f6104b01c366ad8557e174f46da,a parent is the base
47,tntim96/JSCover,refs/heads/master,58557bba03e3cd911b334f451d7bf20c84d54045,0eee54986010067c05972426937c3459b979a840,a4fb3645a032633128f78786d779101b46a16581,a parent is the base
48,tntim96/JSCover,refs/heads/master,5c0f3bc432afa70ae19ced28fd4655effffa643f,bf98af8c6a8559d82a24d8f6f11d5fc23d29523e,f04fe03a282ca2520de93a3f13fe4c06146e5823,a parent is the base
49,tntim96/JSCover,refs/heads/master,885ba1e858932e9715e9b27a722a129e2611caab,c5f2600a6830cb2fc14647c98a9038832d20677f,48ce23c6b5857dd37a5658eb544fad390a4e3d44,a parent is the base
50,tntim96/JSCover,refs/heads/master,ba5decc5f42a1fd11825415612eaf104b8879c9a,b387036e5d7bba871c330469f2143c242f12a0d5,95d545f377cf84ccd52b54dc0c644d18daa447a6,a parent is the base
51,tntim96/JSCover,refs/heads/master,89ffb42fa4b9efa275282cd90369be4423441a94,5a3b21b0db2cbc45f1dccbeae832654c4b5c812e,b8d19bf433f60c02f28d046702a1ea86a157ecf6,a parent is the base
52,tntim96/JSCover,refs/heads/master,c4db946b2d372f8bde079792b1cee93ac36921d2,3d76e008055d175af8fdbb90d6c5a0ced62faf0d,4534140b2526b36b39bcdf6d417d977db7a5cb1a,a parent is the base
53,tntim96/JSCover,refs/heads/master,ea0851ac5e27d2a1a13acd2110094c46c44a849e,c0603903e4b5caeb83d2c93ceabba1e9ea59af19,e405a7f2926be3103a388e990701af1f260bc905,
54,tntim96/JSCover,refs/heads/master,2a9f0eb4e7a59587ef0fb8a9312ba5edf0078145,92d6114663b80b24d1f9bb6d282138cf6094857e,b9a2ee7526cf561aa2ff511fe9872792bd315e91,
55,tntim96/JSCover,refs/heads/master,75e03285fddc0e2510c4f20c56ac607702fc3c9a,56dc97e7850da6b5a904b57c5e288cbb89fde81d,46b585e31b43ec0d1740395b38d15fd4e4f8c60f,
56,tntim96/JSCover,refs/heads/master,10f916b7a0fd5953ae6f684cadd28fa87e9124e4,0fb55976f6e30ddcc8ae7af393ee0dd8d14e20e9,0256cc6b3b9f9470458ff418e6648c635c20e787,
57,tntim96/JSCover,refs/heads/master,0fb55976f6e30ddcc8ae7af393ee0dd8d14e20e9,b9f47e216af0bc46830e0cb0c6964218511bbb3f,974ce1770dc602051b320619e240603cc5358d64,
58,tntim96/JSCover,refs/heads/master,00c10a4e7f42a484209a443934c833c5970f462f,8e0ad29ac0d484db3eccc4bee791b72cc6222e4c,530d40378d2d17276f71b18f871637fea2937ecf,
59,tntim96/JSCover,refs/heads/master,adf6fd024df05daf3236ce42e8cd90b5e4448131,dca3e3596b0b880e9eb4406490488ce93bc9116a,0575f5e918deec26aba2eb2a18f0e87af679d81b,a parent is the base
60,tntim96/JSCover,refs/heads/master,3ae921c45ac9a68844bbdc1d53a8a7ca262fb6b7,8fb1d13ac9c28ccf9723a4328141816f224337b9,aec694fe670b35eb827c473f5fbaf205cd59a0ba,
61,tntim96/JSCover,refs/heads/master,ac65c8f97187f99331093624c7829d3688a50297,fb4312ddbbf301484ff0e1243cfdf12d6a2fb840,c8937ebc236d924201af98021a50091ab0ee013a,
62,tntim96/JSCover,refs/remotes/origin/gh-pages,9217160ed01a2bb7e57cd07001fc0da20135ad21,49868943e60fdb40de33c4416aae6a8517ef3d7f,bd0c5960622a73573c9fa5fb0f356ba575c3676c,a parent is the base
63,tntim96/JSCover,refs/remotes/origin/pull/94,c905e6a5da47ddf684d6cb6b6c52a6d5cb0d2e3b,390eb1dbfc709f2b75889697a9296ffeb06424a4,2e483d3cd3abbb5b6af28ea519278f597ccded96,
